cluster,centroid_id,centroidx,centroidy,centroidz,cluster_points
3.0,1932,-175943.46153846153,-838.6923076923077,323.7692307692308,26
