cluster,centroid_id,centroidx,centroidy,centroidz,cluster_points
2.0,1917,-148818.33333333334,1277.3333333333333,462.3333333333333,3
