cluster,centroid_id,centroidx,centroidy,centroidz,cluster_points
6.0,1996,-167781.85714285713,698.7142857142857,1136.142857142857,7
