cluster,centroid_id,centroidx,centroidy,centroidz,cluster_points
4.0,1952,-137209.2142857143,1280.7857142857142,1956.857142857143,14
