cluster,centroid_id,centroidx,centroidy,centroidz,cluster_points
5.0,1975,-127213.82857142857,-1601.5142857142857,1236.942857142857,35
