cluster,centroid_id,centroidx,centroidy,centroidz,cluster_points
0.0,1715,-151079.94285714286,-52.27142857142857,424.4971428571429,350
