cluster,centroid_id,centroidx,centroidy,centroidz,cluster_points
-1.0,865,-163444.3994778068,-48.905352480417754,582.4771540469974,1532
